persona.nhs_no,persona.name,persona.surname
"""991-70-5333""","""Benjamin""","""Hamilton"""
"""595-90-8809""","""Todd""","""Garcia"""
"""581-26-5472""","""Louis""","""Parker"""
"""666-57-8563""","""Anne""","""Nguyen"""
"""552-54-9978""","""Bobby""","""Thompson"""
"""633-71-2217""","""Paul""","""Arnold"""
"""591-90-2791""","""Janice""","""Coleman"""
"""576-99-9244""","""Ann""","""Fox"""
"""543-43-9738""","""Wanda""","""Weaver"""
"""576-82-7408""","""Bruce""","""Baker"""
"""556-15-9637""","""Angela""","""Mccoy"""
"""674-92-1788""","""Jacqueline""","""Holmes"""
"""744-46-9190""","""Judith""","""Fernandez"""
"""430-16-3985""","""Harold""","""Robertson"""
"""517-87-6459""","""Frances""","""Sullivan"""
"""213-32-1448""","""Dorothy""","""Hall"""
"""859-40-9947""","""Kimberly""","""Wood"""
"""253-58-9660""","""Jerry""","""Johnston"""
"""853-69-5350""","""Brandon""","""Martin"""
"""218-31-0921""","""Kathy""","""Wheeler"""
"""884-33-9676""","""Phillip""","""Perry"""
"""859-55-6280""","""Jack""","""Reyes"""
"""214-77-6416""","""Andrew""","""Foster"""
"""890-58-5813""","""Craig""","""Marshall"""
"""266-39-6752""","""Joan""","""Shaw"""
"""358-19-2542""","""Janet""","""Cunningham"""
"""348-63-8190""","""Henry""","""Jacobs"""
"""323-71-3763""","""Patricia""","""Wheeler"""
"""308-53-8009""","""Kenneth""","""Fernandez"""
"""311-75-6483""","""Jessica""","""Kelly"""